http://172.20.1.12/cms/Article.aspx?NRID=35136,关于收缴2018年第一季度党费的通知,点击：161 | 党委办公室 | 赵冠杰 | 2018.03.16,吉林大学第二医院院内网关于收缴年第一季度党费的通知输入关键字进行检索输入关键字进行检索关键词不能为空输入关键字进行检索搜索星期六日期明后天对不起请输入工号请输入工号请输入姓名正在撤消发送已选择的邮件请输入新密码请输入确认密码两次输入的密码不一致您已经注册您已经注册所在科室注册成功操作失败如遇工号不能登录请输入您的工号与姓名重新进行注册工号姓名确定取消新密码确认密码确定取消工号密码登录注册您好进入系统注销首页通知公告正文关于收缴年第一季度党费的通知点击党委办公室赵冠杰相关附件宋体宋体各党支部宋体宋体宋体宋体为落实好年第一季度党费收缴工作现要求如下宋体宋体每年年初教职工党员由党员所在党支部依据党员月份的工资收入按标准核定党员月交纳党费数额核定之后每季度缴纳党费数额为月份缴纳数额乘以后三个季度按第一季度交纳不再另行计算宋体宋体一党费计算基数宋体宋体宋体宋体根据学校相关文件通知精神党费计算基数包括如下项目岗位工资薪级工资校内津贴校内津贴提高津贴差综合贴护龄职务津贴奖励工资新增津贴新增岗贴补发补发节日补贴校内宋体宋体注其中补发项为科研奖励不计入党费计算基数补发项为其他内容如有疑问可向党委办公室咨询宋体宋体宋体宋体二月党费计算方法宋体宋体宋体宋体一党费缴纳基数计算方法宋体宋体宋体宋体宋体宋体宋体仿宋在岗在编职工宋体仿宋每月缴纳党费基数宋体宋体岗位工资薪级工资校内津贴校内津贴提高津贴差综合贴护龄职务津贴奖励工资新增津贴新增岗贴补发补发节日补贴校内宋体仿宋减少绩效一减少绩效二工资税医保扣款公积金职业养老职业年金宋体宋体宋体宋体宋体宋体聘任员工宋体仿宋每月缴纳党费基数宋体宋体岗位工资薪级工资提高院内津贴绩效工资护龄节日补贴职务津贴补发宋体仿宋宋体仿宋医保扣款养老保险失业保险公积金宋体宋体宋体宋体二月党费计算方法宋体宋体宋体仿宋党费计算基数在元含元以下者交纳计算基数的元以上至元含元者交纳计算基数的元以上至元含元者交纳计算基数的元以上者交纳计算基数的宋体宋体宋体仿宋三见习期已满年的人事代理交纳党费标准暂时按如下标准交纳宋体宋体类博士每月交纳党费基数为元每月交纳党费为元类硕士及硕士以下每月交纳党费基数为元每月交纳交纳党费为元宋体三宋体宋体交纳党费确有困难的党员需填写减免党费申请表附件经批准后可以少交或免交党费宋体宋体宋体宋体四为规范党费管理请各支部如实填写党支部收缴专用票据并妥善保管同时务必填写年度教职工党员月交纳党费基数登记表附件宋体宋体宋体宋体五请各党支部于月宋体宋体宋体日下周五当天将党费交至住院处号窗口同时发送附件至网赵冠杰邮箱联系人赵冠杰联系电话宋体宋体宋体宋体宋体宋体宋体宋体党委办公室年月日发表评论通知禁止打印加入收藏关闭本页评论文章请先登录抱歉这篇文章不允许评论上一篇转发关于开展实验动物生产和使用自查自检工作的通知下一篇转发省科技厅农村处关于征集年度吉林省科技发展计划农业领域项目建议的通知相关文章今天访问量累计访问量版权所有吉林大学第二医院技术支持联众科技页面底部
http://172.20.1.12/cms/Article.aspx?NRID=35119,转发 教务处 关于第八届校级教学成果奖评审结果进行公示的通知,点击：451 | 科教部本级 | 陈野 | 2018.03.15,吉林大学第二医院院内网转发教务处关于第八届校级教学成果奖评审结果进行公示的通知输入关键字进行检索输入关键字进行检索关键词不能为空输入关键字进行检索搜索星期六日期明后天对不起请输入工号请输入工号请输入姓名正在撤消发送已选择的邮件请输入新密码请输入确认密码两次输入的密码不一致您已经注册您已经注册所在科室注册成功操作失败如遇工号不能登录请输入您的工号与姓名重新进行注册工号姓名确定取消新密码确认密码确定取消工号密码登录注册您好进入系统注销首页通知公告正文转发教务处关于第八届校级教学成果奖评审结果进行公示的通知点击科教部本级陈野相关附件宋体宋体宋体宋体宋体仿宋各宋体宋体仿宋教学宋体宋体仿宋单位宋体宋体宋体仿宋经学校教学委员会第宋体宋体仿宋八宋体宋体仿宋届校级教学成果奖评审专家宋体宋体仿宋委员会审议宋体宋体仿宋宋体宋体仿宋我校宋体宋体仿宋本届共评选出校级教学成果奖宋体宋体宋体仿宋项其中宋体宋体仿宋特等奖项目宋体项宋体宋体仿宋一等奖项目宋体宋体宋体仿宋项二等奖宋体宋体宋体仿宋项宋体宋体仿宋三等奖宋体项宋体宋体仿宋宋体宋体宋体仿宋为保证教学成果奖评审的公正性和客观性评审结果接受广大师生监督如对拟获奖成果有异议请具名提供书面意见及相关证据材料报学校教务处教学研究科宋体宋体仿宋鼎新楼宋体宋体宋体宋体电话宋体宋体宋体仿宋学校对经公示发现问题且调查核实的成果取消其获奖资格宋体宋体宋体仿宋学校现对拟获奖成果予以公示请各成果负责人认真核对成果名称和主要完成人等信息公示截止日期为宋体宋体宋体仿宋年宋体宋体宋体仿宋月宋体宋体宋体仿宋日宋体宋体宋体仿宋附件宋体宋体仿宋吉林大学宋体宋体仿宋第宋体宋体仿宋八宋体宋体仿宋届校级教学成果奖宋体宋体仿宋拟宋体宋体仿宋获奖名单宋体宋体宋体宋体仿宋教宋体宋体宋体仿宋务宋体宋体宋体仿宋处宋体宋体宋体宋体宋体仿宋年宋体宋体宋体仿宋月宋体宋体宋体仿宋日发表评论通知禁止打印加入收藏关闭本页评论文章请先登录抱歉这篇文章不允许评论上一篇关于吉大二院医用耗材采购论证项目信息的二次公告下一篇转发关于遴选吉林省卫生与健康适宜技术推广项目的通知相关文章今天访问量累计访问量版权所有吉林大学第二医院技术支持联众科技页面底部
http://172.20.1.12/cms/Article.aspx?NRID=35068,病案室关于更新诊断和手术与操作编码库的通知,点击：163 | 病案室 | 王江华 | 2018.03.12,吉林大学第二医院院内网病案室关于更新诊断和手术与操作编码库的通知输入关键字进行检索输入关键字进行检索关键词不能为空输入关键字进行检索搜索星期六日期明后天对不起请输入工号请输入工号请输入姓名正在撤消发送已选择的邮件请输入新密码请输入确认密码两次输入的密码不一致您已经注册您已经注册所在科室注册成功操作失败如遇工号不能登录请输入您的工号与姓名重新进行注册工号姓名确定取消新密码确认密码确定取消工号密码登录注册您好进入系统注销首页通知公告正文病案室关于更新诊断和手术与操作编码库的通知点击病案室王江华相关附件请临床科室使用附件中的诊断为患者办理入院手续根据国家卫计委四统一要求吉林省卫计委统一从年月日起启用新版国家临床版诊断与手术我院今日起删除诊断与手术库中非国家临床版部分请临床科室尽快熟悉诊断与手术以免影响患者入院医保报销等事宜咨询电话发表评论通知禁止打印加入收藏关闭本页评论文章请先登录抱歉这篇文章不允许评论上一篇转发省科技厅高新处关于征集工业高新技术领域吉林重大科技专项和产业关键技术攻关项目建议书的通知下一篇眼科门诊关于变更会诊电话号码的通知相关文章今天访问量累计访问量版权所有吉林大学第二医院技术支持联众科技页面底部
http://172.20.1.12/cms/Article.aspx?NRID=35004,省、市医保特殊药品使用管理实施细则（院内即报）,点击：379 | 医疗保险工作办公室 | 王文华 | 2018.03.06,吉林大学第二医院院内网省市医保特殊药品使用管理实施细则院内即报输入关键字进行检索输入关键字进行检索关键词不能为空输入关键字进行检索搜索星期六日期明后天对不起请输入工号请输入工号请输入姓名正在撤消发送已选择的邮件请输入新密码请输入确认密码两次输入的密码不一致您已经注册您已经注册所在科室注册成功操作失败如遇工号不能登录请输入您的工号与姓名重新进行注册工号姓名确定取消新密码确认密码确定取消工号密码登录注册您好进入系统注销首页通知公告正文省市医保特殊药品使用管理实施细则院内即报点击医疗保险工作办公室王文华相关附件宋体宋体依据关于印发吉林省基本医疗保险特殊药品管理暂行办法的通知吉人社办字宋体宋体宋体号及关于开展省直特殊药品管理服务工作有关事项的通知吉医保办字宋体宋体号精神结合我院工作实际制定吉林大学第二医院医保特殊药品使用管理细则宋体宋体一宋体宋体医保特殊药品以下简称特药范围限定支付范围最高限额宋体宋体宋体人社部发宋体宋体号文件规定的宋体种药品见附件宋体宋体宋体宋体省人社厅发宋体宋体号文件规定的纳入特药管理的宋体种药品见附件宋体宋体宋体宋体二特药使用管理细则宋体宋体宋体一特药定点医疗机构资质宋体宋体宋体具备临床药师参与特药管理宋体宋体宋体使用肿瘤分子靶向药物的应具备恶性肿瘤相应技术资质和实力并原则上应具备基因检测能力宋体宋体二宋体宋体建立特药责任医师管理机制宋体宋体宋体特药责任医师申报条件宋体宋体宋体从事特药相关疾病诊治宋体年以上使用肿瘤分子靶向药物的要具备恶性肿瘤相应技术资质和能力具备副高级及以上职称的医师可以申报我院已上报医保局通过的特药责任医师名单见附件宋体宋体宋体宋体宋体特药责任医师职责宋体宋体宋体宋体特药责任医师负责参保患者治疗各阶段的医疗服务包括诊断开具处方签署转诊意见和随诊跟踪宋体宋体负责为参保患者病情发展后续用药评估确认宋体宋体负责对参保患者特药治疗流程的宣传咨询宋体宋体特药责任医师在接诊过程中应认真核对参保患者及委托代理人身份做到人证卡相符真实记录病情开药时间和剂量等要严格根据药品使用说明书适应症和临床指征及特药限定支付范围用药宋体宋体负责对参保患者用药申请给予评估确认并在申请表省医保备案表市医保上签字盖章宋体宋体负责协助指导参保患者在申请用药时提供各种备案材料宋体宋体负责定期为参保患者办理评估填写评估表省医保备案表市医保等宋体宋体宋体四特药网上登记备案报销适合的参保对象宋体宋体宋体省直医保在职退休离休二等乙市医保在职退休离休二等乙城镇居民宋体宋体宋体五特药使用备案流程宋体宋体参保患者经诊断符合使用特药治疗并符合特药医保限定支付范围限定价格等各项检查检验病理及影像报告等备案材料齐全特药责任医师对参保人员相关医疗证实材料及病情确认明确诊疗方案制定用药周期和计划后参保人员可自主选择一家特药定点医疗机构为其办理登记宋体宋体省医保须先填写吉林省医疗保险特药使用申请表以下简称申请表见附件市医保须先填写长春市医疗保险特药使用登记备案表以下简称备案表见附件宋体宋体由经治医师完善相关检查收集资料特药责任医师在医保经办机构备案并符合限定科室限定使用特药品种按规定填写申请表省或备案表市中项目协助备齐备案材料并在申请表或备案表上签字确认宋体宋体持经特药责任医师签字确认的申请表省备案表市及相关备案材料先向定点医疗机构我院由医保管理部负责住院处大厅号窗口提出申请医保管理部进行审核登记备案登记过程中的相关记录通过医疗保险信息系统传输至医保局备案网上登记备案后参保人员特药待遇即时生效宋体宋体特殊强调只有在使用前经系统备案通过且符合特药限定支付范围的才能自动享受医保特药待遇未经系统备案先使用而滞后备案的不能享受相应医保待遇系统生成全部个人承担宋体宋体到医保管理部申请备案时需提供的备案材料宋体宋体申请表省见附件或备案表市见附件一式二份宋体宋体参保患者社会保障卡医保卡原件及复印件宋体宋体参保患者身份证代办人身份证原件及复印件宋体宋体医保患者身份确认单门诊用药的由接诊医生特药责任医师签字确认住院用药的由负责医生特药责任医师接诊护士分别签字确认宋体宋体相关医疗文件宋体宋体宋体抗肿瘤药及免疫调节剂诊断书门诊或住院门诊病历或出院小结影响学检查报告病理报告基因检测报告及特药限定支付范围的其他必检项目报告宋体宋体宋体非抗肿瘤药及免疫调节剂诊断书门诊或住院门诊病历或出院小结影响学检查报告使用雷珠单抗康柏西普需提供近个月的血管造影报告报告基线矫正视力符合规定特药限定支付范围的其他必检项目报告宋体宋体宋体宋体经特病医师审核符合医保规定的特药使用条件并在医保管理部号窗口经医保系统已登记备案的由医保窗口提供宋体医保特药门诊处方本一式三联黄色封皮宋体宋体科室则可以按规定开药使用科室须建立宋体宋体宋体科室医保特药使用登记本准确登记开药时间患者姓名医保编号住院号诊断使用特药名称规格剂型单次剂量开药数量特药责任医师等宋体宋体见附件宋体宋体代开药的还需登记代开药人姓名身份证号联系电话代开药人与患者关系并留存患者委托代开药人身份证复印件及委托书等宋体宋体宋体宋体开药方式宋体宋体特药门诊宋体宋体宋体经特药责任医师确认符合医保规定且宋体宋体已网上登记备案的可经门诊由特药医师开取宋体宋体具体流程宋体宋体特药医师依据患者诊断特药限定支付范围及特药使用权限为患者开具特药在医保特药门诊处方本一式三联黄色封皮上规范填写患者个人信息诊断符合特药限定范围药品名称通用规格用法用量等处方三联均加盖特药医师名章录入的电子处方内容与纸质处方本内容一致结算类别选门诊特药宋体宋体患者持医保卡特药处方本申请表省或备案表市评估表省到我院医保窗口住院处大厅号审核符合规定的医保窗口留存处方结算联宋体宋体网上录入处方信息再经门诊收款处收款未经医保窗口审核的不许按门诊特药程序收取宋体宋体药房发具医保特药时宋体宋体特药药师须核查特药处方本药品数量与电子处方数量是否一致是否符合医保规定及处方管理办法相关规定药房留存手写特药处方药房留存联宋体宋体并分类保存处方有疑义的及时与医生沟通宋体宋体依据医保规定药房为医保患者付特殊药品时须损坏药品包装盒宋体宋体住院用药宋体宋体宋体省医保患者宋体宋体宋体经特药责任医师确认符合医保规定且已在医保窗口经网上登记备案的住院期间可由特药医师开具权限内的特药但口服用特药一律按特药门诊开取宋体宋体宋体市医保患者宋体宋体宋体符合条件的只能经门诊门诊特药开取特药住院患者经住院系统开取特药市医保系统不予报销宋体微软雅黑宋体宋体经医保特药定点药店购买宋体宋体宋体宋体异地就医参保人员根据其结算方式不同按异地就医管理规定在其待遇管理地办理特药登记备案宋体宋体宋体六特药待遇评估宋体宋体宋体根据使用特药的参保人员病情变化用药同期临床需要以及管理要求和待遇期限等调整用药方案省医保填写吉林省医疗保险特药使用评估表宋体宋体见附件宋体宋体市医保患者到评估期限时仍填写长春市医疗保险特药使用登记备案表宋体宋体见附件宋体宋体责任医师签字盖章确认后到医保窗口网上登记备案宋体宋体宋体需评估而未及时评估的系统自动暂停或取消特药待遇宋体宋体经评估达不到临床医保诊断标准和特药待遇给付规定的不再享有特药待遇宋体宋体宋体七特药变更宋体宋体宋体参保人员享受特药待遇期间因病情变化需变更特药治疗计划的由特药责任医师向医保管理部医保窗口提出书面变更内容相关记录通过医保信息系统传输至医保局备案后方可享受特药待遇宋体宋体宋体八费用结算宋体宋体宋体省市参保人员发生的特药费用可持社会保障卡在选定的定点医院直接划卡结算享受相关待遇宋体宋体宋体异地就医参保人员经特药备案登记后发生的特药费用可直接结算的通过异地就医结算平台纳入异地就医费用中一并结算宋体宋体是否享受待遇由异地系统决定宋体宋体非直接结算的由个人现金垫付后携带相关手续至省医保局申请报销宋体宋体宋体参保人员在特药待遇有效期内由基金会或慈善总会等机构提供无偿供药的不得重复享受特药待遇经证实参保人员重复享受医疗保险特药待遇的医疗保险基金支付部分将予以追回并按有关规定追究责任宋体宋体宋体九特药分类宋体宋体宋体医保局建立特殊药品分类管理数据库特药分为肿瘤类药物和非肿瘤类药物两大类特药分类管理库与特药人员库衔接与定点医药机构链接医保特药分类明细见宋体宋体附件宋体宋体宋体十特药管理要求宋体宋体认真核实患者身份严禁冒名就诊冒名使用特药宋体宋体任何单位或个人采取用欺诈欺骗或其它手段骗取特药待遇的按中华人民共和国社会保险法及医疗保险政策规定处理追究相应行政责任并予以联合惩戒曝光情节严重构成犯罪的将依法追究刑事责任宋体宋体诊断及各项备案材料须真实宋体宋体加强特药使用监测定期评估检查检验指标有改进经复查评估达不到诊断标准不符合特药使用限定适应症条件时要及时停止按医保支付使用若必须使用则全部按自费门诊开取不按规定时限复查的将暂停或取消特药待遇宋体宋体宋体抗肿瘤药靶向药物及免疫调节剂是监控重中之重一定要注意按时评估宋体宋体评估期暂定为宋体个月宋体宋体未到评估时间开药的必须持患者及代理人身份证申请表备案后的身份确认单宋体宋体到评估时间的先由特药责任医师填写吉林省医疗保险特殊药品使用评估表宋体宋体见附件宋体宋体或长春市医疗保险特药使用登记备案表宋体宋体见附件宋体宋体持评估表省医保使用一式三份备案表市医保使用一式三份各项检查报告影像学检查报告患者及代理人身份证到我院医保窗口住院处大厅号审核网上登记评估表或备案表一份由医保存档一份交由患者若在药店购药一份交由定点药店在下次评估期间内开药时需提供此评估表省或备案表市及申请表省方可开药宋体宋体宋体宋体更换特药品种品规包括同一通用名药品更换生产厂家应凭相关医疗文书特药责任医师诊疗意见及情况说明重新申请备案否则医保不予支付宋体宋体宋体宋体其他方面要求宋体宋体办理申请及评估时需患者本人在场宋体宋体若患者行动不便等原因不能在场则需提供相关证明如行动不便的病历证明等宋体宋体门诊每次开药时要求尽量患者本人前来就诊宋体宋体因特殊原因需由他人代理时须提供患者代理人身份证原件患者本人委托开药的委托书宋体宋体代开药的科室要详细审核在登记其他项目之外要登记患者及代开药人姓名身份证关系联系电话留存患者代开药人身份证复印件及委托书等宋体宋体见附件宋体宋体特药申请评估审核及开药时间定在正常工作日非正常工作时间夜间节假日中午暂不予办理宋体宋体宋体宋体特药开药限定科室及限定特药责任医师宋体宋体对特药开药门诊住院科室限定依据疾病用药特点等限定在相应科室管理宋体宋体在限定科室及限定科室特药责任医师之外开药的医保不予报销备案材料不全未提前申请未及时评估的不予报销超特药限定支付范围的不予报销科室未做详细登记记录的不予报销等宋体宋体若违规使用医保经办机构将依据相关规定拒付相应医疗费用并追究特药责任医师等责任拒付的费用将由相关科室责任人承担宋体宋体宋体附件人社部及省人社厅发文公布的特殊药品明细种种宋体宋体宋体附件我院上报的特药责任医师名单宋体宋体宋体附件吉林省医疗保险特药使用申请表省医保使用宋体宋体宋体附件长春市医疗保险特药使用登记备案表市医保使用宋体宋体宋体附件吉林省医疗保险特药使用评估表省医保使用宋体宋体宋体附件医保特药分类宋体宋体宋体附件科室医保特药使用登记表宋体宋体宋体附件省市医保特药登记开药流程宋体宋体宋体医保管理部宋体宋体年月日宋体宋体宋体发表评论通知禁止打印加入收藏关闭本页评论文章请先登录抱歉这篇文章不允许评论上一篇转发吉林省环境保护厅关于征集年环保科研技术需求的通知下一篇病案室关于病历归档的提示相关文章今天访问量累计访问量版权所有吉林大学第二医院技术支持联众科技页面底部
http://172.20.1.12/cms/Article.aspx?NRID=34966,移动护理系统操作指南,点击：839 | 网络信息办公室 | 系统管理员 | 2018.03.05,吉林大学第二医院院内网移动护理系统操作指南输入关键字进行检索输入关键字进行检索关键词不能为空输入关键字进行检索搜索星期六日期明后天对不起请输入工号请输入工号请输入姓名正在撤消发送已选择的邮件请输入新密码请输入确认密码两次输入的密码不一致您已经注册您已经注册所在科室注册成功操作失败如遇工号不能登录请输入您的工号与姓名重新进行注册工号姓名确定取消新密码确认密码确定取消工号密码登录注册您好进入系统注销首页通知公告正文移动护理系统操作指南点击网络信息办公室系统管理员相关附件我院即将全面启动移动护理系统现将移动护理流程护理文书系统端以及移动护士站端操作视频上传至附件中全院护士可下载至电脑中自行学习统一培训安排另行通知发表评论通知禁止打印加入收藏关闭本页评论文章请先登录抱歉这篇文章不允许评论上一篇关于开展科主任护士长技师长及科级干部重新聘任工作动员会的通知下一篇转发关于科技厅征集吉林大学与北京大学项目合作情况的通知相关文章今天访问量累计访问量版权所有吉林大学第二医院技术支持联众科技页面底部
http://172.20.1.12/cms/Article.aspx?NRID=35137,转发省科技厅农村处关于征集2019年度吉林省科技发展计划农业领域项目建议的通知,点击：23 | 科教部本级 | 张萱 | 2018.03.16,吉林大学第二医院院内网转发省科技厅农村处关于征集年度吉林省科技发展计划农业领域项目建议的通知输入关键字进行检索输入关键字进行检索关键词不能为空输入关键字进行检索搜索星期六日期明后天对不起请输入工号请输入工号请输入姓名正在撤消发送已选择的邮件请输入新密码请输入确认密码两次输入的密码不一致您已经注册您已经注册所在科室注册成功操作失败如遇工号不能登录请输入您的工号与姓名重新进行注册工号姓名确定取消新密码确认密码确定取消工号密码登录注册您好进入系统注销首页通知公告正文转发省科技厅农村处关于征集年度吉林省科技发展计划农业领域项目建议的通知点击科教部本级张萱相关附件宋体宋体校内各有关单位宋体宋体为科学编制宋体年度吉林省科技发展计划项目指南按照省科技厅统一部署与要求农村处现公开征集宋体年度吉林省科技发展计划农业领域项目建议具体通知内容如下宋体宋体一征集内容宋体宋体一吉林重大科技专项宋体宋体围绕我省支柱产业和战略性新兴产业发展部署一批对吉林发展具有重要战略意义的重大科技专项每宋体年为一个目标节点到十三五末期突破一批制约产业发展的技术瓶颈形成一批在国际国内市场具有竞争力的产品构建起全产业链条的技术支撑体系到宋体年力争取得战略性突破努力实现以科技发展局部跃升带动我省生产力跨域发展鼓励各有关单位开展协同攻关提出关于农业农村领域的吉林重大科技专项项目建议宋体宋体二产业关键技术攻关项目宋体宋体围绕吉林省农业农村领域产业发展需求突破一批制约产业发展的共性关键技术和重大关键技术重点征集种植业养殖业农产品加工业林业特产业领域以及农业生产环境与食品安全宋体智慧农业及农业装备和宋体农业废弃物综合利用等方面的产业关键技术攻关项目建议宋体宋体二注意事项宋体宋体宋体请各项目建议人认真编写项目建议书要求内容精炼重点突出建议书字数控制在宋体字以内宋体宋体宋体请各项目建议人将项目建议书报送至中层单位由中层单位审核整理后于宋体年宋体月宋体日宋体前将项目建议书电子版发送至宋体邮件名称请命名为科技厅农村处项目建议书宋体中层单位名称另项目建议书电子版请整理分为吉林重大科技专项产业关键技术攻关项目两个文件夹宋体宋体三联系方式宋体宋体科技厅联系人高占波宋体宋体联系电话宋体宋体宋体校内联系人王艺博宋体宋体联系电话宋体宋体宋体宋体宋体附件宋体吉林重大科技专项项目建议书编写提纲宋体宋体附件宋体产业关键技术攻关项目建议书编写提纲宋体宋体宋体宋体宋体宋体宋体科学技术处宋体宋体宋体宋体宋体年宋体月宋体日发表评论通知禁止打印加入收藏关闭本页评论文章请先登录抱歉这篇文章不允许评论上一篇关于收缴年第一季度党费的通知下一篇无相关文章今天访问量累计访问量版权所有吉林大学第二医院技术支持联众科技页面底部
http://172.20.1.12/cms/Article.aspx?NRID=35133,转发关于开展实验动物生产和使用自查自检工作的通知,点击：30 | 科教部本级 | 张萱 | 2018.03.16,吉林大学第二医院院内网转发关于开展实验动物生产和使用自查自检工作的通知输入关键字进行检索输入关键字进行检索关键词不能为空输入关键字进行检索搜索星期六日期明后天对不起请输入工号请输入工号请输入姓名正在撤消发送已选择的邮件请输入新密码请输入确认密码两次输入的密码不一致您已经注册您已经注册所在科室注册成功操作失败如遇工号不能登录请输入您的工号与姓名重新进行注册工号姓名确定取消新密码确认密码确定取消工号密码登录注册您好进入系统注销首页通知公告正文转发关于开展实验动物生产和使用自查自检工作的通知点击科教部本级张萱宋体宋体校内各相关单位宋体宋体为贯彻落实吉林省科学技术厅关于深化落实吉林省实验动物管理条例的通知以下简称通知文件要求严格规范我校实验动物生产和使用现将相关事宜和要求通知如下宋体宋体从事实验动物生产和使用的单位其实验动物来源必须为实验动物许可证持证单位提供未取得许可证单位一律不准使用实验动物宋体宋体做好实验动物安全管理工作为避免发生实验动物安全事故各单位要制定实验动物从业人员岗位培训计划对实验动物生产使用过程中产生的污水废弃物以及动物尸体等应当按照法律法规的规定处理加强实验动物检测与检疫管理制定实验动物突发事件应急预案宋体宋体做好实验动物设施规范化管理工作制定并完善单位实验动物标准操作规程管理规程保障在科研教学实验检测检定过程中对实验动物进行使用前使用中使用后规范化管理宋体宋体各相关单位要高度重视此项工作严格按照上述要求梳理落实相关工作认真组织开展对本单位实验动物生产和使用的自查自检宋体宋体请各相关单位将本单位实验动物的生产和使用情况及自查自检情况形成报告经本单位主管领导签字并加盖公章后于年月日前报实验室与设备管理处电子版发送至宋体宋体学校将于年月日起对各相关单位实验动物生产和使用情况进行检查对没有达到要求的单位将停止其实验动物的生产和使用宋体宋体宋体宋体联系人赵耀东电话实验室与设备管理处宋体宋体年月日宋体宋体宋体发表评论通知禁止打印加入收藏关闭本页评论文章请先登录抱歉这篇文章不允许评论上一篇转发吉林省科技厅关于征集年度省科技发展计划医药健康领域项目指南建议的通知下一篇关于收缴年第一季度党费的通知相关文章今天访问量累计访问量版权所有吉林大学第二医院技术支持联众科技页面底部
http://172.20.1.12/cms/Article.aspx?NRID=35123,转发关于公示我校超硬材料国家重点实验室五年工作总结报告、年度考核报告的通知,点击：73 | 科教部本级 | 张萱 | 2018.03.16,吉林大学第二医院院内网转发关于公示我校超硬材料国家重点实验室五年工作总结报告年度考核报告的通知输入关键字进行检索输入关键字进行检索关键词不能为空输入关键字进行检索搜索星期六日期明后天对不起请输入工号请输入工号请输入姓名正在撤消发送已选择的邮件请输入新密码请输入确认密码两次输入的密码不一致您已经注册您已经注册所在科室注册成功操作失败如遇工号不能登录请输入您的工号与姓名重新进行注册工号姓名确定取消新密码确认密码确定取消工号密码登录注册您好进入系统注销首页通知公告正文转发关于公示我校超硬材料国家重点实验室五年工作总结报告年度考核报告的通知点击科教部本级张萱宋体宋体校内相关单位宋体宋体根据中国科协先进材料学会联合体关于开展材料领域国家重点实验室宋体宋体年度评估工作的通知科材联宋体宋体号要求现将我校超硬材料国家重点实验室五年工作总结报告宋体宋体年宋体宋体年年度考核报告宋体宋体年宋体宋体年进行公示公示期为宋体宋体个工作日公示地点吉林大学科技处科技机构管理办公室中心校区鼎新楼宋体宋体室宋体宋体在公示期内若对公示信息有异议请具实名以书面形式与科技处科技机构管理办公室联系宋体宋体联系电话宋体宋体宋体联系地址科技处科技机构管理办公室中心校区鼎新楼宋体宋体室宋体宋体宋体宋体宋体宋体宋体宋体宋体科学技术处宋体宋体宋体宋体宋体宋体宋体宋体年宋体宋体月宋体宋体日发表评论通知禁止打印加入收藏关闭本页评论文章请先登录抱歉这篇文章不允许评论上一篇转发关于发布吉林大学科技信息年报的通知下一篇转发吉林省科技厅关于征集年度省科技发展计划医药健康领域项目指南建议的通知相关文章今天访问量累计访问量版权所有吉林大学第二医院技术支持联众科技页面底部
http://172.20.1.12/cms/Article.aspx?NRID=35122,转发关于发布《吉林大学科技信息年报（2017）》的通知,点击：69 | 科教部本级 | 张萱 | 2018.03.16,吉林大学第二医院院内网转发关于发布吉林大学科技信息年报的通知输入关键字进行检索输入关键字进行检索关键词不能为空输入关键字进行检索搜索星期六日期明后天对不起请输入工号请输入工号请输入姓名正在撤消发送已选择的邮件请输入新密码请输入确认密码两次输入的密码不一致您已经注册您已经注册所在科室注册成功操作失败如遇工号不能登录请输入您的工号与姓名重新进行注册工号姓名确定取消新密码确认密码确定取消工号密码登录注册您好进入系统注销首页通知公告正文转发关于发布吉林大学科技信息年报的通知点击科教部本级张萱相关附件宋体宋体校内各相关单位宋体宋体宋体年在全校科技工作者的共同努力下学校科技创新能力显著增强科研实力不断提高宋体宋体宋体为促进不同学科之间的交流方便广大教师及时了解学校科技发展情况现将吉林大学科技信息年报宋体宋体宋体予以发布望广大科技工作者再接再厉在宋体宋体宋体年取得更大的成绩宋体宋体宋体联系人曲鑫宋体宋体宋体电话宋体宋体宋体宋体附件吉林大学科技信息年报宋体宋体宋体宋体科技处宋体宋体二一八年三月十五日发表评论通知禁止打印加入收藏关闭本页评论文章请先登录抱歉这篇文章不允许评论上一篇关于公布申报业务科室主任护士长技师长党务及行政科室科级干部岗位资格审核通过人员情况的通知下一篇转发关于公示我校超硬材料国家重点实验室五年工作总结报告年度考核报告的通知相关文章今天访问量累计访问量版权所有吉林大学第二医院技术支持联众科技页面底部
http://172.20.1.12/cms/Article.aspx?NRID=35118,关于吉大二院医用耗材采购论证项目信息的二次公告,点击：149 | 物资供应部 | 采购供应部 | 2018.03.15,吉林大学第二医院院内网关于吉大二院医用耗材采购论证项目信息的二次公告输入关键字进行检索输入关键字进行检索关键词不能为空输入关键字进行检索搜索星期六日期明后天对不起请输入工号请输入工号请输入姓名正在撤消发送已选择的邮件请输入新密码请输入确认密码两次输入的密码不一致您已经注册您已经注册所在科室注册成功操作失败如遇工号不能登录请输入您的工号与姓名重新进行注册工号姓名确定取消新密码确认密码确定取消工号密码登录注册您好进入系统注销首页通知公告正文关于吉大二院医用耗材采购论证项目信息的二次公告点击物资供应部采购供应部宋体我院拟对下列科室医用耗材采购召开院内专家论证会欢迎实质性响应我院耗材采购需求的供应商以质优价廉的产品和及时可靠的售后服务前来参会洽谈宋体因投标厂家不足三家进行二次公告如已登记的厂家可继续参照原招标书内容无需二次登记招标议价时间参照二次公告时间宋体现发布相关项目信息宋体宋体一宋体项目内容宋体宋体序号宋体宋体产品名称宋体宋体数量宋体宋体单位宋体宋体宋体宋体一次性使用无菌医用海绵宋体宋体宋体宋体批宋体宋体宋体宋体一次性使用无菌注射针宋体宋体宋体宋体批宋体宋体宋体宋体骨牵引针宋体宋体宋体宋体批宋体宋体宋体二宋体参会的供应商将进行现场报名并向我院提供宋体宋体宋体产品授权书产品注册证含耗材注册证投标公司及授权公司三证组织机构代码证营业执照或生产许可证税务登记证明等材料原件复印件需加盖原单位公章如果授权书是复印件需加盖授权单位公章法定代表人授权委托书法人身份证复印件被委托人身份证复印件必须加盖单位公章技术参数配置标准部件清单正常使用实现基本功能所需配件产品彩页近三年业绩及价格依据三家三级甲等医院的价格依据宋体宋体宋体单一来源产品请提供证明由使用科室领导签字确定如采购项目有特殊要求提供其符合特殊要求的证明材料或者情况说明宋体宋体宋体招标现场须携带样品宋体宋体宋体宋体报名时间年月日年月日前送交采购供应部室闻老师处逾期恕不受理宋体宋体三宋体经审核后满足临床参数需求的应标单位按要求时间参会具体招标时间另行通知会议召开时间地点另行通知宋体联系人闻宇宋体联系电话发表评论通知禁止打印加入收藏关闭本页评论文章请先登录抱歉这篇文章不允许评论上一篇关于吉大二院医用设备采购论证项目信息的公告下一篇转发教务处关于第八届校级教学成果奖评审结果进行公示的通知相关文章今天访问量累计访问量版权所有吉林大学第二医院技术支持联众科技页面底部
http://172.20.1.12/cms/Article.aspx?NRID=35117,关于吉大二院医用设备采购论证项目信息的公告,点击：120 | 物资供应部 | 采购供应部 | 2018.03.15,吉林大学第二医院院内网关于吉大二院医用设备采购论证项目信息的公告输入关键字进行检索输入关键字进行检索关键词不能为空输入关键字进行检索搜索星期六日期明后天对不起请输入工号请输入工号请输入姓名正在撤消发送已选择的邮件请输入新密码请输入确认密码两次输入的密码不一致您已经注册您已经注册所在科室注册成功操作失败如遇工号不能登录请输入您的工号与姓名重新进行注册工号姓名确定取消新密码确认密码确定取消工号密码登录注册您好进入系统注销首页通知公告正文关于吉大二院医用设备采购论证项目信息的公告点击物资供应部采购供应部宋体我院拟对下列科室医用设备采购召开院内专家论证会欢迎实质性响应我院设备采购需求的供应商以质优价廉的产品和及时可靠的售后服务前来参会洽谈现发布相关项目信息宋体宋体一宋体项目内容宋体宋体序号宋体宋体使用科室宋体宋体设备名称宋体宋体数量宋体宋体单位宋体宋体宋体宋体眼科宋体宋体视野计宋体宋体宋体宋体台宋体宋体宋体宋体血液肿瘤科宋体宋体生物安全柜宋体宋体宋体宋体台宋体宋体宋体宋体胸外科宋体宋体监护仪双有创宋体宋体宋体宋体台宋体宋体宋体二宋体参会的供应商将进行现场报名并向我院提供宋体宋体宋体产品授权书产品注册证含耗材注册证投标公司及授权公司三证组织机构代码证营业执照或生产许可证税务登记证明等材料原件复印件需加盖原单位公章如果授权书是复印件需加盖授权单位公章法定代表人授权委托书法人身份证复印件被委托人身份证复印件必须加盖单位公章技术参数配置标准部件清单正常使用实现基本功能所需配件产品彩页近三年业绩及价格依据三家三级甲等医院的价格依据宋体宋体宋体单一来源产品请提供证明由使用科室领导签字确定如采购项目有特殊要求提供其符合特殊要求的证明材料或者情况说明宋体宋体宋体报名时间年月日年月日前送交采购供应部室闻老师处逾期恕不受理宋体宋体三宋体经审核后满足临床参数需求的应标单位按要求时间参会具体招标时间另行通知会议召开时间地点另行通知宋体联系人闻宇宋体联系电话发表评论通知禁止打印加入收藏关闭本页评论文章请先登录抱歉这篇文章不允许评论上一篇转发关于开展年吉林省中医药科技项目申报工作的通知下一篇关于吉大二院医用耗材采购论证项目信息的二次公告相关文章今天访问量累计访问量版权所有吉林大学第二医院技术支持联众科技页面底部
http://172.20.1.12/cms/Article.aspx?NRID=35102,肿瘤血液科会诊电话变更通知,点击：116 | 肿瘤血液内科 | 王秀丽 | 2018.03.14,吉林大学第二医院院内网肿瘤血液科会诊电话变更通知输入关键字进行检索输入关键字进行检索关键词不能为空输入关键字进行检索搜索星期六日期明后天对不起请输入工号请输入工号请输入姓名正在撤消发送已选择的邮件请输入新密码请输入确认密码两次输入的密码不一致您已经注册您已经注册所在科室注册成功操作失败如遇工号不能登录请输入您的工号与姓名重新进行注册工号姓名确定取消新密码确认密码确定取消工号密码登录注册您好进入系统注销首页通知公告正文肿瘤血液科会诊电话变更通知点击肿瘤血液内科王秀丽摘要肿瘤血液科会诊电话变更如下自强院区会诊电话自强院区骨穿室电话亚泰院区会诊电话发表评论通知禁止打印加入收藏关闭本页评论文章请先登录抱歉这篇文章不允许评论上一篇转发关于报送年博士后招收工作计划的通知下一篇转发关于开展年吉林省中医药科技项目申报工作的通知相关文章今天访问量累计访问量版权所有吉林大学第二医院技术支持联众科技页面底部
http://172.20.1.12/cms/Article.aspx?NRID=35101,转发关于报送2018年博士后招收工作计划的通知,点击：265 | 研究生管理部 | 崔立晶 | 2018.03.14,吉林大学第二医院院内网转发关于报送年博士后招收工作计划的通知输入关键字进行检索输入关键字进行检索关键词不能为空输入关键字进行检索搜索星期六日期明后天对不起请输入工号请输入工号请输入姓名正在撤消发送已选择的邮件请输入新密码请输入确认密码两次输入的密码不一致您已经注册您已经注册所在科室注册成功操作失败如遇工号不能登录请输入您的工号与姓名重新进行注册工号姓名确定取消新密码确认密码确定取消工号密码登录注册您好进入系统注销首页通知公告正文转发关于报送年博士后招收工作计划的通知点击研究生管理部崔立晶摘要有意向接收博士后的导师请在月日前按照要求填写相关附件交到研究生管理部行政楼室相关附件宋体校人字发宋体号宋体校内各博士后科研流动站宋体为进一步强化步强化博士后合作导师和中层单位招收博士后的主体作用提高高博士后招收质量请各单位根据学科与科研队伍建设的实际情况统筹制定宋体年博士后招收工作计划现将有关事项通知如下宋体一招收类别宋体博士后国际交流计划引进项目项目博士后高水平海外平海外博士后助力计划计划博士后宋体二合作导师资格认定宋体具有博士生指导教师资格或正高级专业技术职务的科研人员均可招收博士后宋体三工作安排宋体高度重视统筹规划各中层单位及合作导师要充分发挥博士后招收的主体作用对照宋体年博士后招收政策一览表以下称一览表附件宋体的相关说明统筹制定宋体年博士后招收工作计划工作计划包括需求计划和招聘计划宋体需求导向保证质量博士后合作导师要以科研工作的实际需求为导向认真填报宋体年博士后研究人员招收需求计划表以下称需求计划表附件宋体严把招收关确保博士后招收质量宋体主动作为精准施策各中层单位及合作导师要结合宋体年工作安排依托国内外学术会议和人才招聘会通过政策宣讲实地招聘合作研究导师推荐等渠道认真填报宋体年博士后研究人员招聘渠道计划表以下称招聘计划表附件宋体切实做好博士后招收工作要充分发挥已经引进的海外人才及知名学者的辐射宣传作用与海外高水平青年人才建立联系多渠道掌握海外青年人才信息提高引进高水平海外博士后的针对性和精准度宋体四学校支持宋体政策支持学校人力资源和社会保障处博士后工作办公室负责规划制定相关政策在招收渠道平台建设薪酬待遇职业发展等方面提供政策支持面向各单位及合作导师提供全过程的政策咨询和讲解服务宋体经费支持各单位及合作导师组织或参加国内外博士后人才招聘会的场地费材料费等由学校提供支持参会人员的往返差旅费等由各单位或合作导师承担宋体宣传支持博士后工作办公室负责联系国内重点高校就业指导部门及其他专业人才招聘机构发布博士后招聘信息负责制作博士后招收宣传手册和微信公众号线上宣传材料为各单位开展博士后招收宣传工作提供必要支持宋体五材料报送宋体各中层单位统一收集博士后合作导师填写的需求计划表和招聘计划表纸介材料及电子版汇总相关信息分别填写宋体年博士后研究人员招收需求计划汇总表以下称需求计划汇总表附件宋体和宋体年博士后研究人员招聘渠道汇总表以下称招聘渠道汇总表附件宋体经单位主管领导签字并加盖单位公章于宋体年宋体月宋体日前将上述纸介材料附件宋体附件宋体各宋体份报送博士后工作办公室所有材料电子版打包发送至邮箱宋体宋体六其他宋体学校将结合博士后工作规划依据各中层单位上报的招收计划数对宋体年的博士后招收指标进行下达由于于博士后招收指标有限对学校双一流建设学科有明确招聘计划和意向人选的合作导师和单位学校在指标下达上给予优先考虑宋体联宋体系宋体人王昊丰宋体申川宋体办公地点中心校区鼎新楼宋体区宋体室宋体联系电话宋体办公邮箱宋体附件图片宋体年博士后招收政策一览表图片宋体年博士后研究人员招收需求计划表图片宋体年博士后研究人员招聘渠道计划表图片宋体年博士后研究人员招收需求计划汇总表图片宋体年博士后研究人员招聘渠道汇总表宋体人力资源和社会保障处宋体年宋体月宋体日发表评论通知禁止打印加入收藏关闭本页评论文章请先登录抱歉这篇文章不允许评论上一篇转发关于公布横向科研合作情况问卷调查获奖情况的通知下一篇肿瘤血液科会诊电话变更通知相关文章今天访问量累计访问量版权所有吉林大学第二医院技术支持联众科技页面底部
http://172.20.1.12/cms/Article.aspx?NRID=35100,转发关于公布横向科研合作情况问卷调查获奖情况的通知,点击：165 | 科教部本级 | 张萱 | 2018.03.14,吉林大学第二医院院内网转发关于公布横向科研合作情况问卷调查获奖情况的通知输入关键字进行检索输入关键字进行检索关键词不能为空输入关键字进行检索搜索星期六日期明后天对不起请输入工号请输入工号请输入姓名正在撤消发送已选择的邮件请输入新密码请输入确认密码两次输入的密码不一致您已经注册您已经注册所在科室注册成功操作失败如遇工号不能登录请输入您的工号与姓名重新进行注册工号姓名确定取消新密码确认密码确定取消工号密码登录注册您好进入系统注销首页通知公告正文转发关于公布横向科研合作情况问卷调查获奖情况的通知点击科教部本级张萱校内各单位为全面了解我校自然科学横向科研工作现状听取基层单位和科研人员关于加强学校横向科研工作的有关意见和建议进一步提升学校横向科研管理工作质量和水平积极促进学校科技成果转移转化工作学校科技开发中心工业技术研究总院现代产业技术研究院于年月日月日在校园网开展了横向科研合作情况问卷调查活动活动共收到有效问卷份收到意见建议条根据调查问卷填写的完整性以及所提意见建议的质量和水平经科技开发中心主任院长办公会议研究评选出各奖项现将获奖情况公布如下一等奖名曹占义材料科学与工程学院二等奖名崔成锐西区科研办公室顾景凯生命科学学院高松环境与资源学院三等奖名王振旅化学学院黄玉龙地球科学学院马国庆地球探测科学与技术学院王清岩建设工程学院王学林人兽共患病研究所优秀奖名陈玉江西区科研办公室韩烨哲学社会学院孙敬姝物理学院许海化学学院苏清化学学院张宇模化学学院胡章优机械科学与工程学院李明汽车工程学院金英爱汽车工程学院曾小华汽车仿真与控制国家重点实验室晁温馨地球科学学院费瑞基础医学院于澎吉林大学第二医院为更好听取基层单位意见科技开发中心拟召开学校横向科研项目管理调研座谈会暨中心处级党员领导干部民主生活会征求意见会届时将在会上对获得三等奖以上人员进行现场颁奖并进一步听取各位老师意见特此公布科技开发中心年月日发表评论通知禁止打印加入收藏关闭本页评论文章请先登录抱歉这篇文章不允许评论上一篇转发关于公示我校汽车仿真与控制国家重点实验室五年工作总结报告年度考核报告的通知下一篇转发关于报送年博士后招收工作计划的通知相关文章今天访问量累计访问量版权所有吉林大学第二医院技术支持联众科技页面底部
http://172.20.1.12/cms/Article.aspx?NRID=35098,转发关于公示我校汽车仿真与控制国家重点实验室五年工作总结报告、年度考核报告的通知,点击：69 | 科教部本级 | 张萱 | 2018.03.14,吉林大学第二医院院内网转发关于公示我校汽车仿真与控制国家重点实验室五年工作总结报告年度考核报告的通知输入关键字进行检索输入关键字进行检索关键词不能为空输入关键字进行检索搜索星期六日期明后天对不起请输入工号请输入工号请输入姓名正在撤消发送已选择的邮件请输入新密码请输入确认密码两次输入的密码不一致您已经注册您已经注册所在科室注册成功操作失败如遇工号不能登录请输入您的工号与姓名重新进行注册工号姓名确定取消新密码确认密码确定取消工号密码登录注册您好进入系统注销首页通知公告正文转发关于公示我校汽车仿真与控制国家重点实验室五年工作总结报告年度考核报告的通知点击科教部本级张萱宋体宋体校内相关单位宋体宋体根据宋体中国科协智能制造学会联合体关于开展工程领域国家重点实验室宋体宋体年度评估工作的通知科智联宋体宋体号宋体要求现将我校汽车仿真与控制国家重点实验室五年工作总结报告宋体宋体年宋体宋体年年度考核报告宋体宋体年宋体宋体年进行公示公示期为宋体宋体年宋体宋体月宋体宋体日至宋体宋体月宋体宋体日宋体宋体个工作日公示地点吉林大学科技处科技机构管理办公室中心校区鼎新楼宋体宋体室宋体宋体在公示期内若对公示信息有异议请具实名以书面形式与科技处科技机构管理办公室联系宋体宋体联系电话宋体宋体宋体联系地址科技处科技机构管理办公室中心校区鼎新楼宋体宋体室宋体宋体宋体宋体宋体宋体宋体宋体宋体宋体宋体科学技术处宋体宋体宋体宋体宋体宋体宋体宋体宋体年宋体宋体月宋体宋体日发表评论通知禁止打印加入收藏关闭本页评论文章请先登录抱歉这篇文章不允许评论上一篇关于因省级光纤主电缆故障导致全省电信固话暂时无法使用的通知下一篇转发关于公布横向科研合作情况问卷调查获奖情况的通知相关文章今天访问量累计访问量版权所有吉林大学第二医院技术支持联众科技页面底部
http://172.20.1.12/cms/Article.aspx?NRID=35097,关于因省级光纤主电缆故障导致全省电信固话暂时无法使用的通知,点击：351 | 后勤服务部 | 后勤服务部 | 2018.03.14,吉林大学第二医院院内网关于因省级光纤主电缆故障导致全省电信固话暂时无法使用的通知输入关键字进行检索输入关键字进行检索关键词不能为空输入关键字进行检索搜索星期六日期明后天对不起请输入工号请输入工号请输入姓名正在撤消发送已选择的邮件请输入新密码请输入确认密码两次输入的密码不一致您已经注册您已经注册所在科室注册成功操作失败如遇工号不能登录请输入您的工号与姓名重新进行注册工号姓名确定取消新密码确认密码确定取消工号密码登录注册您好进入系统注销首页通知公告正文关于因省级光纤主电缆故障导致全省电信固话暂时无法使用的通知点击后勤服务部后勤服务部宋体宋体因省级光纤主电缆故障导致全省电信固话暂时无法使用宋体宋体宋体宋体造成不便敬请谅解宋体宋体宋体宋体宋体后勤管理部宋体宋体宋体年宋体月宋体日宋体发表评论通知禁止打印加入收藏关闭本页评论文章请先登录抱歉这篇文章不允许评论上一篇关于召开业务科室主任护士长技师长及党务行政科室科级干部重新聘任述职考评大会的通知下一篇转发关于公示我校汽车仿真与控制国家重点实验室五年工作总结报告年度考核报告的通知相关文章今天访问量累计访问量版权所有吉林大学第二医院技术支持联众科技页面底部
http://172.20.1.12/cms/Article.aspx?NRID=35092,转发关于遴选吉林省卫生与健康适宜技术推广项目的通知,点击：119 | 科教部本级 | 张萱 | 2018.03.13,吉林大学第二医院院内网转发关于遴选吉林省卫生与健康适宜技术推广项目的通知输入关键字进行检索输入关键字进行检索关键词不能为空输入关键字进行检索搜索星期六日期明后天对不起请输入工号请输入工号请输入姓名正在撤消发送已选择的邮件请输入新密码请输入确认密码两次输入的密码不一致您已经注册您已经注册所在科室注册成功操作失败如遇工号不能登录请输入您的工号与姓名重新进行注册工号姓名确定取消新密码确认密码确定取消工号密码登录注册您好进入系统注销首页通知公告正文转发关于遴选吉林省卫生与健康适宜技术推广项目的通知点击科教部本级张萱摘要说明卫计委不给钱按照继续教育项目管理全省项相关附件各单位根据吉林省卫生计生委的通知现将开展遴选吉林省卫生与健康适宜技术推广项目具体通知如下一申报要求项目推广技术已经在一定范围内应用年以上经实践证明为安全有效经济成熟并相对先进的医疗技术适合在县级及以下医疗单位应用项目负责人应为申报单位的在编人员具有副高级以上专业技术职务且须实际主持和从事该项推广工作每人限报项二项目管理吉林省卫计委不提供经费资助立项后按照省级继续教育项目管理技术推广形式为集中培训和基层巡讲相结合集中培训由卫计委组织部署基层巡讲由项目组在卫计委协助下到各县开展巡讲所到县市区由项目组与卫计委协商确定三申报程序各单位认真审查并填写审核意见加盖公章于月日下班前将申请书一式一份及电子版报送至科教部四联系方式省卫生计生委科教处李科医学部学术工作办公室许宁附件吉林省卫生与健康适宜技术推广项目申请书吉林省卫生与健康适宜技术推广项目汇总表发表评论通知禁止打印加入收藏关闭本页评论文章请先登录抱歉这篇文章不允许评论上一篇转发教务处关于第八届校级教学成果奖评审结果进行公示的通知下一篇关于公布申报业务科室主任护士长技师长党务及行政科室科级干部岗位资格审核通过人员情况的通知相关文章今天访问量累计访问量版权所有吉林大学第二医院技术支持联众科技页面底部
http://172.20.1.12/cms/Article.aspx?NRID=35093,转发关于开展2018年吉林省中医药科技项目申报工作的通知,点击：152 | 科教部本级 | 张萱 | 2018.03.13,吉林大学第二医院院内网转发关于开展年吉林省中医药科技项目申报工作的通知输入关键字进行检索输入关键字进行检索关键词不能为空输入关键字进行检索搜索星期六日期明后天对不起请输入工号请输入工号请输入姓名正在撤消发送已选择的邮件请输入新密码请输入确认密码两次输入的密码不一致您已经注册您已经注册所在科室注册成功操作失败如遇工号不能登录请输入您的工号与姓名重新进行注册工号姓名确定取消新密码确认密码确定取消工号密码登录注册您好进入系统注销首页通知公告正文转发关于开展年吉林省中医药科技项目申报工作的通知点击科教部本级张萱相关附件各单位根据吉林省中医药管理局的要求年度中医药科技项目开始申报现在有关事宜通知如下一申报要求请各项目申请人根据年度吉林省中医药科技项目申报指南附件中的研究方向填写申报书附件具体要求详见申报书二申报材料申报书论著出版项目报样书纸质版一式四份及电子版汇总表附件纸质版一式一份及电子版自筹经费项目需提交课题承担单位出具的自筹经费承诺书青年中医药科研人员培养项目申报人不具备中级技术职称的需提交单位出具的工作年限证明三申报时间申报项目需本单位组织学术委员会或人以上专家组正高级对课题进行初评签署专家推荐意见请各单位签署所在单位意见并加盖公章后于年月日前将申报材料报送至医学部学术工作办公室新民校区第二教学楼室四联系方式省中医药管理局科技处贺燕赵鸿飞医学部学术工作办公室许宁附件年度吉林省中医药科技项目申报指南吉林省中医药科技项目申报书申报名额汇总表白求恩医学部学术工作办公室年月日发表评论通知禁止打印加入收藏关闭本页评论文章请先登录抱歉这篇文章不允许评论上一篇肿瘤血液科会诊电话变更通知下一篇关于吉大二院医用设备采购论证项目信息的公告相关文章今天访问量累计访问量版权所有吉林大学第二医院技术支持联众科技页面底部
http://172.20.1.12/cms/Article.aspx?NRID=35085,关于召开业务科室主任、护士长、技师长及党务行政科室科级干部重新聘任述职考评大会的通知,点击：2700 | 人事部 | 李国骅 | 2018.03.13,吉林大学第二医院院内网关于召开业务科室主任护士长技师长及党务行政科室科级干部重新聘任述职考评大会的通知输入关键字进行检索输入关键字进行检索关键词不能为空输入关键字进行检索搜索星期六日期明后天对不起请输入工号请输入工号请输入姓名正在撤消发送已选择的邮件请输入新密码请输入确认密码两次输入的密码不一致您已经注册您已经注册所在科室注册成功操作失败如遇工号不能登录请输入您的工号与姓名重新进行注册工号姓名确定取消新密码确认密码确定取消工号密码登录注册您好进入系统注销首页通知公告正文关于召开业务科室主任护士长技师长及党务行政科室科级干部重新聘任述职考评大会的通知点击人事部李国骅相关附件宋体宋体各科室宋体根据吉林大学第二医院开展科主任护士长及技师长重新聘任工作方案吉林大学第二医院科级干部重新聘任工作方案的总体要求经本人申报民主推荐资格审查民主测评经医院党政联席会议研究确定了竞聘候选人按照工作程序我院定于宋体年宋体月宋体日宋体月宋体日进行竞聘述职具体安排如下宋体一时间宋体年宋体月宋体日宋体宋体年宋体月宋体日宋体宋体年宋体月宋体日宋体宋体二地点信息交流中心四楼学术报告厅宋体三参加人员考评组成员及科室相关人员宋体四要求按申报第一岗位进行竞聘述职述职时间在分钟以内宋体要求所在科室工作一年以上即宋体年宋体月宋体日之前来院工作在岗的校编及聘用制的教职员工参会参会人数需达到应到会人数的宋体本科室住培阶段的轮转医生不参加投票宋体所有参会人员按照本科室测评时间提前宋体分钟到达信息交流中心三楼多媒体教室等候宋体述职人员不参加投票宋体考评组成员实行亲属回避制度宋体附件宋体吉林大学第二医院业务科室岗位竞聘人员述职顺序表宋体吉林大学第二医院党务行政科室岗位及部分业务岗位竞聘人员述职顺序表宋体人力资源管理部宋体年宋体月宋体日发表评论通知禁止打印加入收藏关闭本页评论文章请先登录抱歉这篇文章不允许评论上一篇关于开展吉林大学第四届白求恩名医评选活动的通知下一篇关于因省级光纤主电缆故障导致全省电信固话暂时无法使用的通知相关文章今天访问量累计访问量版权所有吉林大学第二医院技术支持联众科技页面底部
http://172.20.1.12/cms/Article.aspx?NRID=35088,关于开展吉林大学第四届“白求恩名医”评选活动的通知,点击：286 | 医务部 | 吴秀华 | 2018.03.13,吉林大学第二医院院内网关于开展吉林大学第四届白求恩名医评选活动的通知输入关键字进行检索输入关键字进行检索关键词不能为空输入关键字进行检索搜索星期六日期明后天对不起请输入工号请输入工号请输入姓名正在撤消发送已选择的邮件请输入新密码请输入确认密码两次输入的密码不一致您已经注册您已经注册所在科室注册成功操作失败如遇工号不能登录请输入您的工号与姓名重新进行注册工号姓名确定取消新密码确认密码确定取消工号密码登录注册您好进入系统注销首页通知公告正文关于开展吉林大学第四届白求恩名医评选活动的通知点击医务部吴秀华相关附件宋体宋体各科室仿宋宋体宋体为大力弘扬白求恩精神激励我校医务工作者积极投身医疗卫生事业提升医院疗技术水平和服务能力实施院有优势科有特色人有专长的发展战略充分肯定知名专家在我校医疗工作中做出的突出贡献宣传名医风范学校决定开展第四届白求恩名医评选活动仿宋宋体宋体请各科室根据吉林大学白求恩名医评选办法的要求认真组织申报申报人员须填写吉林大学白求恩名医评选申报表并于年月日下班前报医务部王晨院内邮箱宋体宋体附吉林大学白求恩名医评选办法宋体宋体医务部宋体宋体年宋体宋体月宋体宋体日发表评论通知禁止打印加入收藏关闭本页评论文章请先登录抱歉这篇文章不允许评论上一篇转发省科技厅社发处征集年度吉林省科技发展计划社会发展领域项目建议的通知下一篇关于召开业务科室主任护士长技师长及党务行政科室科级干部重新聘任述职考评大会的通知相关文章今天访问量累计访问量版权所有吉林大学第二医院技术支持联众科技页面底部
http://172.20.1.12/cms/Article.aspx?NRID=35091,转发省科技厅社发处征集2019年度吉林省科技发展计划社会发展领域项目建议的通知,点击：80 | 科教部本级 | 张萱 | 2018.03.13,吉林大学第二医院院内网转发省科技厅社发处征集年度吉林省科技发展计划社会发展领域项目建议的通知输入关键字进行检索输入关键字进行检索关键词不能为空输入关键字进行检索搜索星期六日期明后天对不起请输入工号请输入工号请输入姓名正在撤消发送已选择的邮件请输入新密码请输入确认密码两次输入的密码不一致您已经注册您已经注册所在科室注册成功操作失败如遇工号不能登录请输入您的工号与姓名重新进行注册工号姓名确定取消新密码确认密码确定取消工号密码登录注册您好进入系统注销首页通知公告正文转发省科技厅社发处征集年度吉林省科技发展计划社会发展领域项目建议的通知点击科教部本级张萱相关附件宋体宋体校内各有关单位宋体宋体为科学编制宋体年度吉林省科技发展计划项目指南根据科技厅相关部署与要求现公开征集宋体年度吉林省科技发展计划社会发展领域项目建议具体如下宋体宋体一征集内容宋体宋体一吉林重大科技专项宋体宋体围绕我省支柱产业和战略性新兴产业发展部署一批对吉林发展具有重要战略意义的重大专项每宋体年为一个目标节点到十三五末期突破一批制约产业发展的技术瓶颈形成一批在国际国内市场具有竞争力的产品构建起全产业链条的技术支撑体系到宋体年力争取得战略性突破努力实现以科技发展局部跃升带动我省生产力跨域发展鼓励各有关单位开展协同攻关提出关于社会发展领域的吉林重大科技专项项目建议详见附件宋体宋体宋体二产业关键技术攻关项目宋体宋体围绕宋体全民健康生态环保公共安全防灾减灾节能减排资源综合开发利用城镇化与城市发展可持续发展限国家或省级可持续发展实验区地区组织申报等重点领域征集制约我省经济社会发展的产业关键技术攻关项目建议详见附件宋体宋体产业关键技术攻关项目建议书字数严格控制在宋体字以内宋体宋体二注意事项宋体宋体请各项目建议人将项目建议书报送至中层单位由中层单位审核整理后于宋体年宋体月宋体日宋体前将项目建议书电子版发送至宋体邮件名称请命名为科技厅社发处项目建议书宋体中层单位名称另项目建议书电子版请整理分为吉林重大科技专项产业关键技术攻关项目两个文件夹宋体宋体三联系方式宋体宋体科技厅联系人陈松宋体宋体联系电话宋体宋体宋体校内联系人王艺博宋体宋体联系电话宋体宋体宋体宋体附件宋体吉林重大科技专项项目建议书编写提纲宋体宋体附件宋体产业关键技术攻关项目项目建议书编写提纲宋体宋体宋体宋体宋体宋体宋体科学技术处宋体宋体宋体宋体宋体年宋体月宋体日发表评论通知禁止打印加入收藏关闭本页评论文章请先登录抱歉这篇文章不允许评论上一篇转发技术转移公示号下一篇关于开展吉林大学第四届白求恩名医评选活动的通知相关文章今天访问量累计访问量版权所有吉林大学第二医院技术支持联众科技页面底部
http://172.20.1.12/cms/Article.aspx?NRID=35090,转发技术转移公示（2018008号）,点击：62 | 科教部本级 | 张萱 | 2018.03.13,吉林大学第二医院院内网转发技术转移公示号输入关键字进行检索输入关键字进行检索关键词不能为空输入关键字进行检索搜索星期六日期明后天对不起请输入工号请输入工号请输入姓名正在撤消发送已选择的邮件请输入新密码请输入确认密码两次输入的密码不一致您已经注册您已经注册所在科室注册成功操作失败如遇工号不能登录请输入您的工号与姓名重新进行注册工号姓名确定取消新密码确认密码确定取消工号密码登录注册您好进入系统注销首页通知公告正文转发技术转移公示号点击科教部本级张萱相关附件宋体宋体校内各有关单位宋体宋体依据国务院实施中华人民共和国促进科技成果转化法若干规定以及吉林大学促进科技成果转化管理暂行办法现对下列科技成果及其作价金额和总体分配比例进行公示宋体宋体一项目名称弱视矫正与检测装置专利作价投资宋体宋体二项目负责人宋体刘姝宋体宋体三项目简介宋体宋体本发明涉及用于弱视的矫正与检测的医疗仪器特别是一种基于双目平衡原理的弱视矫正与检测装置它包括嵌置在镜片框架上的两只液晶镜片固设在镜片框架上的主板分别设置在两只液晶镜片内侧表面上的两个光传感器与主板无线通讯的遥控器组成的控制系统所述主板上设有微处理器与该微处理器分别通讯连接的无线接收器存储卡模块实时时钟模式选择开关两只液晶镜片分别与主板上的微处理器控制连接两个光传感器分别与主板上的微处理器通讯连接使用该装置能够实现多模式的弱视治疗和矫正训练可根据个体患者的病程康复状态任意调节治疗矫正训练模式该装置与屈光矫正治疗配合可获得更好的弱视矫正和双眼视提高效果宋体宋体本投资涉及知识产权为宋体宋体弱视矫正与检测装置发明专利宋体宋体宋体宋体宋体四作价及评估金额宋体宋体宋体上述成果拟不低于评估额作价投资评估额为人民币宋体宋体万元宋体宋体五实施单位宋体宋体吉林大学科技园发展中心宋体宋体吉林吉大孵化器有限公司宋体宋体六预评估报告宋体宋体详见附件宋体宋体上述项目公示期为宋体宋体年宋体宋体月宋体宋体日至宋体宋体日异议及咨询联系人冯丹纯联系电话宋体宋体电子邮箱宋体宋体宋体宋体宋体宋体宋体宋体宋体宋体科技处宋体宋体宋体年宋体宋体月宋体宋体日发表评论通知禁止打印加入收藏关闭本页评论文章请先登录抱歉这篇文章不允许评论上一篇年度国家自然科学基金申请工作情况通报下一篇转发省科技厅社发处征集年度吉林省科技发展计划社会发展领域项目建议的通知相关文章今天访问量累计访问量版权所有吉林大学第二医院技术支持联众科技页面底部
http://172.20.1.12/cms/Article.aspx?NRID=35089,2018年度国家自然科学基金申请工作情况通报,点击：116 | 科教部本级 | 张萱 | 2018.03.13,吉林大学第二医院院内网年度国家自然科学基金申请工作情况通报输入关键字进行检索输入关键字进行检索关键词不能为空输入关键字进行检索搜索星期六日期明后天对不起请输入工号请输入工号请输入姓名正在撤消发送已选择的邮件请输入新密码请输入确认密码两次输入的密码不一致您已经注册您已经注册所在科室注册成功操作失败如遇工号不能登录请输入您的工号与姓名重新进行注册工号姓名确定取消新密码确认密码确定取消工号密码登录注册您好进入系统注销首页通知公告正文年度国家自然科学基金申请工作情况通报点击科教部本级张萱相关附件宋体宋体微软雅黑微软雅黑年微软雅黑微软雅黑月微软雅黑微软雅黑日我院在信息交流中心组织召开微软雅黑微软雅黑年度国家自然科学基金表彰暨微软雅黑微软雅黑年度国家自然科学基金申报工作启动会吉林大学副校长孙友宏教授医学部学部长李凡教授副学部长王放教授科学技术处处长周强教授基础医学院院长孙连坤教授财务处副处长马静高级会计师医学部学术办公室姜春明主任以及我院院领导科研人员参加会议吉林大学科技处周强处长做了题为吉林大学科技创新规划的报告吉林大学基础医学院孙连坤院长就国家自然科学基金的标书撰写与评审意见做出了解读与指导吉林大学财务处马静副处长以国家自然科学基金为例详细介绍了科研项目预算编制和吉林大学科研经费管理及报销政策本次会议标志我院微软雅黑微软雅黑微软雅黑年度国家自然科学基金申请及组织工作正式拉开帷幕微软雅黑微软雅黑宋体微软雅黑随后科研工作办公室建立了微软雅黑微软雅黑国家自然基金申报微信群及时发布和分享各类申报技巧和相关通知并在院内微软雅黑微软雅黑网两次公示各科室申报项目人员名单督促各科室重视和加强国家自然科学基金组织工作微软雅黑宋体微软雅黑微软雅黑年微软雅黑微软雅黑月微软雅黑微软雅黑日我院再次邀请吉林大学科学技术处副处长兼重大项目办公室主任王国庆教授讲解国家自然科学基金重点资助领域书写及申报技巧并对我院微软雅黑微软雅黑年度国家自然科学基金项目申请书进行面对面指导对每个项目提出了有针对性的修改建议微软雅黑宋体微软雅黑微软雅黑年微软雅黑微软雅黑月微软雅黑微软雅黑日科研办公室召集所有申报项目的老师集中讲解申请书需要注意的细节问题认真进行形式审查和把关微软雅黑微软雅黑月微软雅黑微软雅黑日配合吉林大学科技处组织所有申请人反复修改申报书经过这些努力我院申报书质量有了显著提高最终成功申请微软雅黑微软雅黑项其中面上项目微软雅黑微软雅黑项青年基金微软雅黑微软雅黑项国家杰出青年科学基金微软雅黑微软雅黑项发表评论通知禁止打印加入收藏关闭本页评论文章请先登录抱歉这篇文章不允许评论上一篇眼科门诊关于变更会诊电话号码的通知下一篇转发技术转移公示号相关文章今天访问量累计访问量版权所有吉林大学第二医院技术支持联众科技页面底部
http://172.20.1.12/cms/Article.aspx?NRID=35083,眼科门诊关于变更会诊电话号码的通知,点击：51 | 眼科门诊 | 刘莉 | 2018.03.13,吉林大学第二医院院内网眼科门诊关于变更会诊电话号码的通知输入关键字进行检索输入关键字进行检索关键词不能为空输入关键字进行检索搜索星期六日期明后天对不起请输入工号请输入工号请输入姓名正在撤消发送已选择的邮件请输入新密码请输入确认密码两次输入的密码不一致您已经注册您已经注册所在科室注册成功操作失败如遇工号不能登录请输入您的工号与姓名重新进行注册工号姓名确定取消新密码确认密码确定取消工号密码登录注册您好进入系统注销首页通知公告正文眼科门诊关于变更会诊电话号码的通知点击眼科门诊刘莉摘要因我院将启用电信会诊电话眼科门诊自强院区原会诊电话号码停用从即日启用新号码望各临床科室周知发表评论通知禁止打印加入收藏关闭本页评论文章请先登录抱歉这篇文章不允许评论上一篇病案室关于更新诊断和手术与操作编码库的通知下一篇年度国家自然科学基金申请工作情况通报相关文章今天访问量累计访问量版权所有吉林大学第二医院技术支持联众科技页面底部
http://172.20.1.12/cms/Article.aspx?NRID=35076,关于公布申报业务科室主任、护士长、技师长、党务及行政科室科级干部岗位资格审核通过人员情况的通知,点击：3339 | 人事部 | 李国骅 | 2018.03.12,吉林大学第二医院院内网关于公布申报业务科室主任护士长技师长党务及行政科室科级干部岗位资格审核通过人员情况的通知输入关键字进行检索输入关键字进行检索关键词不能为空输入关键字进行检索搜索星期六日期明后天对不起请输入工号请输入工号请输入姓名正在撤消发送已选择的邮件请输入新密码请输入确认密码两次输入的密码不一致您已经注册您已经注册所在科室注册成功操作失败如遇工号不能登录请输入您的工号与姓名重新进行注册工号姓名确定取消新密码确认密码确定取消工号密码登录注册您好进入系统注销首页通知公告正文关于公布申报业务科室主任护士长技师长党务及行政科室科级干部岗位资格审核通过人员情况的通知点击人事部李国骅相关附件宋体各科室宋体根据吉林大学第二医院开展科主任护士长及技师长重新聘任工作方案吉林大学第二医院科级干部重新聘任工作方案的总体要求经本人申报民主推荐资格审查民主测评现将资格审核通过人员情况予以公布详见附件宋体附件宋体吉林大学第二医院申报业务科室主任副主任岗位资格审核通过人员情况一览表宋体吉林大学第二医院申报护士长技师长岗位含副职资格审核通过人员情况一览表宋体吉林大学第二医院申报科级干部岗位资格审核通过人员情况一览表人力资源管理部年月日发表评论通知禁止打印加入收藏关闭本页评论文章请先登录抱歉这篇文章不允许评论上一篇转发关于遴选吉林省卫生与健康适宜技术推广项目的通知下一篇转发关于发布吉林大学科技信息年报的通知相关文章今天访问量累计访问量版权所有吉林大学第二医院技术支持联众科技页面底部
http://172.20.1.12/cms/Article.aspx?NRID=35067,转发省科技厅高新处关于征集工业高新技术领域吉林重大科技专项和产业关键技术攻关项目建议书的通知,点击：44 | 科教部本级 | 张萱 | 2018.03.12,吉林大学第二医院院内网转发省科技厅高新处关于征集工业高新技术领域吉林重大科技专项和产业关键技术攻关项目建议书的通知输入关键字进行检索输入关键字进行检索关键词不能为空输入关键字进行检索搜索星期六日期明后天对不起请输入工号请输入工号请输入姓名正在撤消发送已选择的邮件请输入新密码请输入确认密码两次输入的密码不一致您已经注册您已经注册所在科室注册成功操作失败如遇工号不能登录请输入您的工号与姓名重新进行注册工号姓名确定取消新密码确认密码确定取消工号密码登录注册您好进入系统注销首页通知公告正文转发省科技厅高新处关于征集工业高新技术领域吉林重大科技专项和产业关键技术攻关项目建议书的通知点击科教部本级张萱相关附件宋体校内各有关单位宋体根据省科技厅关于宋体年度省科技发展计划项目指南编制工作的要求科技厅高新处负责工业高新技术领域吉林重大科技专项和产业关键技术攻关项目的组织申报工作现将征集项目建议书的有关事项通知如下宋体一吉林重大科技专项宋体吉林重大科技专项的目标是围绕我省支柱产业和战略性新兴产业发展组织开展重大科技和装备的产学研协同攻关对接国家宋体重大项目部署一批对支撑和引领吉林经济社会发展具有重要战略意义的重大专项突出项目的先进性重大性和可转化性一方面突破一批制约现有产业发展的技术瓶颈形成一批在国际国内市场具有竞争力的产品构建起全产业链条的技术支撑体系另一方面突破一批前沿领域和国家战略需求的关键技术为培育战略性新兴产业提供引领每宋体年为一个目标节点到宋体年力争取得战略性突破努力实现以科技发展局部跃升带动我省产业跨越的发展宋体高新处拟谋划智慧吉林科技创新重大科技专项和战略性先进材料科技创新重大科技专项两个重大科技专项智慧吉林科技创新重大科技专项拟从三个层面设计即基础层技术层和应用层重点支持大数据云计算信息安全智能软硬件智能机器人智能运载工具虚拟现实与增强现实智能制造智能农业智能物流智能电网和智能医疗等相关领域需要解决的应用技术和共性关键技术问题宋体战略性先进材料科技创新重大科技专项重点支持碳纤维及其复合材料先进半导体材料新型显示及其材料特种合金材料稀土新材料新型生态材料和军用新材料等相关领域需要解决的应用技术和共性关键技术问题宋体建议书需提出到宋体年的目标和节点目标即宋体宋体年宋体宋体年宋体宋体年的目标字数控制在宋体字以内编写提纲见附件宋体宋体二产业关键技术攻关项目宋体围绕吉林省高新技术领域产业发展需求重点支持光电子新材料信息技术先进制造等产业发展急需解决的重大共性技术和重大关键技术问题宋体建议书字数控制在宋体字以内编写提纲详见附件宋体宋体三注意事项宋体请各项目建议人将项目建议书报送至中层单位由中层单位审核整理后于宋体年宋体月宋体日宋体前将项目建议书电子版发送至宋体邮件名称请命名为科技厅高新处项目建议书宋体建议人姓名另项目建议书电子版请整理分为吉林重大科技专项产业关键技术攻关项目两个文件夹宋体四联系方式宋体科技厅联系人房义宋体联系电话宋体宋体校内联系人王艺博宋体联系电话宋体宋体宋体附件宋体吉林重大科技专项项目建议书编写提纲宋体附件宋体产业关键技术攻关项目项目建议书编写提纲宋体宋体宋体宋体科学技术处宋体宋体宋体年宋体月宋体日发表评论通知禁止打印加入收藏关闭本页评论文章请先登录抱歉这篇文章不允许评论上一篇关于泌尿外科更改会诊电话的通知下一篇病案室关于更新诊断和手术与操作编码库的通知相关文章今天访问量累计访问量版权所有吉林大学第二医院技术支持联众科技页面底部
http://172.20.1.12/cms/Article.aspx?NRID=35053,心血管内科（自强院区）心电急诊电话变更通知,点击：99 | 心血管内科 | 罗南 | 2018.03.12,吉林大学第二医院院内网心血管内科自强院区心电急诊电话变更通知输入关键字进行检索输入关键字进行检索关键词不能为空输入关键字进行检索搜索星期六日期明后天对不起请输入工号请输入工号请输入姓名正在撤消发送已选择的邮件请输入新密码请输入确认密码两次输入的密码不一致您已经注册您已经注册所在科室注册成功操作失败如遇工号不能登录请输入您的工号与姓名重新进行注册工号姓名确定取消新密码确认密码确定取消工号密码登录注册您好进入系统注销首页通知公告正文心血管内科自强院区心电急诊电话变更通知点击心血管内科罗南摘要心血管内科自强院区心电急诊电话变更通知各科室因我院将启用电信系统故即日起心血管内科自强院区心电急诊电话启用新号码原号码停用请周知发表评论通知禁止打印加入收藏关闭本页评论文章请先登录抱歉这篇文章不允许评论上一篇关于开展科主任护士长技师长及科级干部重新聘任工作的通知下一篇关于泌尿外科更改会诊电话的通知相关文章今天访问量累计访问量版权所有吉林大学第二医院技术支持联众科技页面底部
http://172.20.1.12/cms/Article.aspx?NRID=35051,2018年2月合理用药沟通单发送的通知,点击：138 | 药品管理部 | 付秀娟 | 2018.03.12,吉林大学第二医院院内网年月合理用药沟通单发送的通知输入关键字进行检索输入关键字进行检索关键词不能为空输入关键字进行检索搜索星期六日期明后天对不起请输入工号请输入工号请输入姓名正在撤消发送已选择的邮件请输入新密码请输入确认密码两次输入的密码不一致您已经注册您已经注册所在科室注册成功操作失败如遇工号不能登录请输入您的工号与姓名重新进行注册工号姓名确定取消新密码确认密码确定取消工号密码登录注册您好进入系统注销首页通知公告正文年月合理用药沟通单发送的通知点击药品管理部付秀娟宋体宋体各科室宋体宋体宋体宋体为加强与各科室合理用药沟通减轻各类沟通单对临床工作的干扰本月宋体宋体将以下类沟通单宋体宋体宋体宋体类切口手术监测管理沟通单宋体宋体宋体宋体万古霉素病历专项点评沟通单宋体宋体宋体宋体门诊不合格处方沟通单宋体宋体宋体宋体门诊不合格抗菌素沟通单宋体宋体宋体宋体全国抗菌药物临床应用监测网沟通单宋体宋体宋体宋体汇总统一发送至各科主任及护士长邮箱请涉及到相关问题的科室于个工作日内形成反馈结果与整改意见的书面报告上交至药品管理部号楼室宋体宋体宋体宋体联系人陈俊俊联系电话宋体宋体宋体宋体药品管理部宋体宋体宋体宋体年月日发表评论通知禁止打印加入收藏关闭本页评论文章请先登录抱歉这篇文章不允许评论上一篇年月合理用药沟通单发送的通知下一篇关于开展科主任护士长技师长及科级干部重新聘任工作的通知相关文章今天访问量累计访问量版权所有吉林大学第二医院技术支持联众科技页面底部
http://172.20.1.12/cms/Article.aspx?NRID=35050,2018年2月合理用药沟通单发送的通知,点击：51 | 药品管理部 | 付秀娟 | 2018.03.12,吉林大学第二医院院内网年月合理用药沟通单发送的通知输入关键字进行检索输入关键字进行检索关键词不能为空输入关键字进行检索搜索星期六日期明后天对不起请输入工号请输入工号请输入姓名正在撤消发送已选择的邮件请输入新密码请输入确认密码两次输入的密码不一致您已经注册您已经注册所在科室注册成功操作失败如遇工号不能登录请输入您的工号与姓名重新进行注册工号姓名确定取消新密码确认密码确定取消工号密码登录注册您好进入系统注销首页通知公告正文年月合理用药沟通单发送的通知点击药品管理部付秀娟发表评论通知禁止打印加入收藏关闭本页评论文章请先登录抱歉这篇文章不允许评论上一篇关于年月拒收红包收锦旗表扬信情况的通报下一篇年月合理用药沟通单发送的通知相关文章今天访问量累计访问量版权所有吉林大学第二医院技术支持联众科技页面底部
http://172.20.1.12/cms/Article.aspx?NRID=35048,关于2018年2月拒收红包、收锦旗表扬信情况的通报,点击：399 | 行风办公室 | 张继远 | 2018.03.12,吉林大学第二医院院内网关于年月拒收红包收锦旗表扬信情况的通报输入关键字进行检索输入关键字进行检索关键词不能为空输入关键字进行检索搜索星期六日期明后天对不起请输入工号请输入工号请输入姓名正在撤消发送已选择的邮件请输入新密码请输入确认密码两次输入的密码不一致您已经注册您已经注册所在科室注册成功操作失败如遇工号不能登录请输入您的工号与姓名重新进行注册工号姓名确定取消新密码确认密码确定取消工号密码登录注册您好进入系统注销首页通知公告正文关于年月拒收红包收锦旗表扬信情况的通报点击行风办公室张继远相关附件仿宋各科室仿宋现将我院年月医务人员退患者红包及各部门收患者赠送锦旗表扬信的情况通报如下仿宋具体情况详见附件仿宋仿宋仿宋仿宋仿宋行风办公室仿宋年月日发表评论通知禁止打印加入收藏关闭本页评论文章请先登录抱歉这篇文章不允许评论上一篇关于转发吉林省科技厅征集重大基础科学问题和应用基础研究项目建议的通知下一篇年月合理用药沟通单发送的通知相关文章今天访问量累计访问量版权所有吉林大学第二医院技术支持联众科技页面底部
